Model Name产品名称（默认调用当前生产程序名）,Line Number 线体号（有界面可以自定义设置）,,,,,,,,
MYC-Y6ULY2V2-256N256D-50-I-AKEDL,0,,,,,,,,
Board Status（整板检测结果）,Pass（整板检测结果：GOOD，PASS，NG),Board BarCode 整板条码,NOREAD（条码内容：设备自动获取，没有条码时输出NOREAD）,,,,,,
ArrayID（拼版序号）,1,ArrayStatus,Good,ArrayBarCode（拼版条码）,有制作拼版条码时输出拼版条码内容，没有拼版条码时输出为空,,,,
ArrayID,2,ArrayStatus,Pass,ArrayBarCode,,,,,
ArrayID,3,ArrayStatus,Pass,ArrayBarCode,,,,,
ArrayID,4,ArrayStatus,Good,ArrayBarCode,,,,,
ArrayID,5,ArrayStatus,Pass,ArrayBarCode,,,,,
ArrayID,6,ArrayStatus,Good,ArrayBarCode,,,,,
ArrayID,7,ArrayStatus,Good,ArrayBarCode,,,,,
ArrayID,8,ArrayStatus,Good,ArrayBarCode,,,,,
MYC-Y6ULY2V2-256N256D-50-I-AKEDL(2022-10-21 11:35:51 - 2022-10-21 11:36:04),,当前产品测试时间,,,,,,,
Total（整板元件数量）,711,NG（NG元件数量）,0,UserOK（人工复判OK元件数量）,3,Good（设备检测OK元件数量）,708,,
WorkTime测试时间,ImagePath（元件图片保存路径）,Board Barcode（整板条码）,Array Index（拼板序号）,Array BarCode（拼板条码）, Package Type（元件封装类型）,Component Index（元件料号）,Part Designate（元件位置号）,Result（元件检测结果）,Defect（不良类型）
2022/10/21 11:35,,NOREAD,1,,NULL,399953,C1,Good,
2022/10/21 11:35,,NOREAD,1,,NULL,399943,C102,Good,
2022/10/21 11:35,,NOREAD,1,,NULL,399957,C104,Good,
2022/10/21 11:35,,NOREAD,1,,NULL,399958,C124,Good,
2022/10/21 11:35,,NOREAD,1,,NULL,3339,C125,Good,
2022/10/21 11:35,,NOREAD,1,,NULL,6038,C129,Good,
2022/10/21 11:35,,NOREAD,1,,NULL,3363,C130,Good,
2022/10/21 11:35,,NOREAD,1,,NULL,399967,C147,Good,
2022/10/21 11:35,,NOREAD,1,,NULL,102594,C149,Good,
2022/10/21 11:35,,NOREAD,1,,NULL,102753,C16,Good,
2022/10/21 11:35,,NOREAD,1,,NULL,102738,C17,Good,
2022/10/21 11:35,,NOREAD,1,,NULL,399966,C2,Good,
2022/10/21 11:35,,NOREAD,1,,NULL,103219,C23,Good,
2022/10/21 11:35,,NOREAD,1,,NULL,103229,C24,Good,
2022/10/21 11:35,,NOREAD,1,,NULL,103522,C29,Good,
2022/10/21 11:35,,NOREAD,1,,NULL,103506,C31,Good,
2022/10/21 11:35,,NOREAD,1,,NULL,103511,C34,Good,
2022/10/21 11:35,,NOREAD,1,,NULL,103572,C37,Good,
2022/10/21 11:35,,NOREAD,1,,NULL,103617,C38,Good,
2022/10/21 11:35,,NOREAD,1,,NULL,103906,C43,Good,
2022/10/21 11:35,,NOREAD,1,,NULL,103665,C44,Good,
2022/10/21 11:35,,NOREAD,1,,NULL,103721,C45,Good,
2022/10/21 11:35,,NOREAD,1,,NULL,6262,C46,Good,
2022/10/21 11:35,,NOREAD,1,,NULL,6221,C47,Good,
2022/10/21 11:35,,NOREAD,1,,NULL,172795,C5,Good,
2022/10/21 11:35,,NOREAD,1,,NULL,104210,C50,Good,
2022/10/21 11:35,,NOREAD,1,,NULL,103792,C51,Good,
2022/10/21 11:35,,NOREAD,1,,NULL,103845,C52,Good,
2022/10/21 11:35,,NOREAD,1,,NULL,104996,C55,Good,
2022/10/21 11:35,,NOREAD,1,,NULL,105135,C56,Good,
2022/10/21 11:35,,NOREAD,1,,NULL,6768,C57,Good,
2022/10/21 11:35,,NOREAD,1,,NULL,103798,C58,Good,
2022/10/21 11:35,,NOREAD,1,,NULL,6993,C59,Good,
2022/10/21 11:35,,NOREAD,1,,NULL,105132,C61,Good,
2022/10/21 11:35,,NOREAD,1,,NULL,311961,C62,Good,
2022/10/21 11:35,,NOREAD,1,,NULL,105446,C63,Good,
2022/10/21 11:35,,NOREAD,1,,NULL,104207,C67,Good,
2022/10/21 11:35,,NOREAD,1,,NULL,6423,C69,Good,
2022/10/21 11:35,,NOREAD,1,,NULL,169,C7,Good,
2022/10/21 11:35,,NOREAD,1,,NULL,103933,C71,Good,
2022/10/21 11:35,,NOREAD,1,,NULL,3372,C72,Good,
2022/10/21 11:35,,NOREAD,1,,NULL,399960,C74,Good,
2022/10/21 11:35,,NOREAD,1,,NULL,363875,C75,Good,
2022/10/21 11:35,,NOREAD,1,,NULL,363887,C76,Good,
2022/10/21 11:35,,NOREAD,1,,NULL,104889,C79,Good,
2022/10/21 11:35,,NOREAD,1,,NULL,311971,C80,Good,
2022/10/21 11:35,,NOREAD,1,,NULL,105261,C82,Good,
2022/10/21 11:35,,NOREAD,1,,NULL,399956,L4,Good,
2022/10/21 11:35,,NOREAD,1,,NULL,143420,L9,Good,
2022/10/21 11:35,,NOREAD,1,,NULL,399949,R1,Good,
2022/10/21 11:35,,NOREAD,1,,NULL,75275,R14,Good,
2022/10/21 11:35,,NOREAD,1,,NULL,399962,R18,Good,
2022/10/21 11:35,,NOREAD,1,,NULL,399945,R192,Good,
2022/10/21 11:35,,NOREAD,1,,NULL,1137,R193,Good,
2022/10/21 11:35,,NOREAD,1,,NULL,1145,R194,Good,
2022/10/21 11:35,,NOREAD,1,,NULL,399946,R2,Good,
2022/10/21 11:35,,NOREAD,1,,NULL,399955,R209,Good,
2022/10/21 11:35,,NOREAD,1,,NULL,399964,R210,Good,
2022/10/21 11:35,,NOREAD,1,,NULL,117379,R211,Good,
2022/10/21 11:35,,NOREAD,1,,NULL,399950,R215,Good,
2022/10/21 11:35,,NOREAD,1,,NULL,399963,R216,Good,
2022/10/21 11:35,,NOREAD,1,,NULL,61656,R217,Good,
2022/10/21 11:35,,NOREAD,1,,NULL,61664,R218,Good,
2022/10/21 11:35,,NOREAD,1,,NULL,61672,R219,Good,
2022/10/21 11:35,,NOREAD,1,,NULL,75324,R222,Good,
2022/10/21 11:35,,NOREAD,1,,NULL,75314,R245,Good,
2022/10/21 11:35,,NOREAD,1,,NULL,75340,R247,Good,
2022/10/21 11:35,,NOREAD,1,,NULL,1161,R28,Good,
2022/10/21 11:35,,NOREAD,1,,NULL,399948,R3,Good,
2022/10/21 11:35,,NOREAD,1,,NULL,1169,R30,Good,
2022/10/21 11:35,,NOREAD,1,,NULL,1552,R46,Good,
2022/10/21 11:35,,NOREAD,1,,NULL,1560,R47,Good,
2022/10/21 11:35,,NOREAD,1,,NULL,1568,R48,Good,
2022/10/21 11:35,,NOREAD,1,,NULL,76353,R5,Good,
2022/10/21 11:35,,NOREAD,1,,NULL,399954,R6,Good,
2022/10/21 11:35,,NOREAD,1,,NULL,75777,R66,Good,
2022/10/21 11:35,,NOREAD,1,,NULL,76243,R67,Good,
2022/10/21 11:35,,NOREAD,1,,NULL,132330,R8,Good,
2022/10/21 11:35,,NOREAD,1,,NULL,75797,R81,Good,
2022/10/21 11:35,,NOREAD,1,,NULL,419655,RR2,Good,
2022/10/21 11:35,,NOREAD,1,,NULL,419656,RR3,Good,
2022/10/21 11:35,,NOREAD,1,,NULL,419677,RR4,Good,
2022/10/21 11:35,,NOREAD,1,,NULL,404196,U1,Good,
2022/10/21 11:35,,NOREAD,1,,NULL,407158,U14,Good,
2022/10/21 11:35,,NOREAD,1,,NULL,408544,U2,Good,
2022/10/21 11:35,,NOREAD,1,,NULL,399944,U4,Good,
2022/10/21 11:35,,NOREAD,1,,NULL,405707,U5,Good,
2022/10/21 11:35,,NOREAD,1,,NULL,399947,U6,Good,
2022/10/21 11:35,,NOREAD,2,,NULL,1968,C1,Good,
2022/10/21 11:35,,NOREAD,2,,NULL,3380,C102,Good,
2022/10/21 11:35,,NOREAD,2,,NULL,311991,C104,Good,
2022/10/21 11:35,,NOREAD,2,,NULL,6011,C124,Good,
2022/10/21 11:35,,NOREAD,2,,NULL,3388,C125,Good,
2022/10/21 11:35,,NOREAD,2,,NULL,6043,C129,Good,
2022/10/21 11:35,,NOREAD,2,,NULL,3412,C130,Good,
2022/10/21 11:35,,NOREAD,2,,NULL,102584,C147,Good,
2022/10/21 11:35,,NOREAD,2,,NULL,102602,C149,Good,
2022/10/21 11:35,,NOREAD,2,,NULL,102816,C16,Good,
2022/10/21 11:35,,NOREAD,2,,NULL,102792,C17,Good,
2022/10/21 11:35,,NOREAD,2,,NULL,172835,C2,Good,
2022/10/21 11:35,,NOREAD,2,,NULL,103107,C23,Good,
2022/10/21 11:35,,NOREAD,2,,NULL,103716,C24,Good,
2022/10/21 11:35,,NOREAD,2,,NULL,103181,C29,Good,
2022/10/21 11:35,,NOREAD,2,,NULL,104253,C31,Good,
2022/10/21 11:35,,NOREAD,2,,NULL,104519,C34,Good,
2022/10/21 11:35,,NOREAD,2,,NULL,104565,C37,Good,
2022/10/21 11:35,,NOREAD,2,,NULL,103241,C38,Good,
2022/10/21 11:35,,NOREAD,2,,NULL,103524,C43,Good,
2022/10/21 11:35,,NOREAD,2,,NULL,103582,C44,Good,
2022/10/21 11:35,,NOREAD,2,,NULL,105197,C45,Good,
2022/10/21 11:35,,NOREAD,2,,NULL,6888,C46,Good,
2022/10/21 11:35,,NOREAD,2,,NULL,6260,C47,Good,
2022/10/21 11:35,,NOREAD,2,,NULL,172845,C5,Good,
2022/10/21 11:35,,NOREAD,2,,NULL,103821,C50,Good,
2022/10/21 11:35,,NOREAD,2,,NULL,103905,C51,Good,
2022/10/21 11:35,,NOREAD,2,,NULL,104133,C52,Good,
2022/10/21 11:35,,NOREAD,2,,NULL,104471,C55,Good,
2022/10/21 11:35,,NOREAD,2,,NULL,104645,C56,Good,
2022/10/21 11:35,,NOREAD,2,,NULL,6909,C57,Good,
2022/10/21 11:35,,NOREAD,2,,NULL,103936,C58,Good,
2022/10/21 11:35,,NOREAD,2,,NULL,6978,C59,Good,
2022/10/21 11:35,,NOREAD,2,,NULL,104557,C61,Good,
2022/10/21 11:35,,NOREAD,2,,NULL,312001,C62,Good,
2022/10/21 11:35,,NOREAD,2,,NULL,104697,C63,Good,
2022/10/21 11:35,,NOREAD,2,,NULL,105601,C67,Good,
2022/10/21 11:35,,NOREAD,2,,NULL,6443,C69,Good,
2022/10/21 11:35,,NOREAD,2,,NULL,2038,C7,Good,
2022/10/21 11:35,,NOREAD,2,,NULL,105637,C71,Good,
2022/10/21 11:35,,NOREAD,2,,NULL,3428,C72,Good,
2022/10/21 11:35,,NOREAD,2,,NULL,363911,C74,Good,
2022/10/21 11:35,,NOREAD,2,,NULL,363923,C75,Good,
2022/10/21 11:35,,NOREAD,2,,NULL,363924,C76,Good,
2022/10/21 11:35,,NOREAD,2,,NULL,104093,C79,Good,
2022/10/21 11:35,,NOREAD,2,,NULL,312011,C80,Good,
2022/10/21 11:35,,NOREAD,2,,NULL,104781,C82,Good,
2022/10/21 11:35,,NOREAD,2,,NULL,105227,C84,Good,
2022/10/21 11:35,,NOREAD,2,,NULL,143428,L4,Good,
2022/10/21 11:35,,NOREAD,2,,NULL,143436,L9,Good,
2022/10/21 11:35,,NOREAD,2,,NULL,75099,R1,Good,
2022/10/21 11:35,,NOREAD,2,,NULL,75252,R14,Good,
2022/10/21 11:35,,NOREAD,2,,NULL,145633,R18,Good,
2022/10/21 11:35,,NOREAD,2,,NULL,2067,R192,Good,
2022/10/21 11:35,,NOREAD,2,,NULL,2068,R193,Good,
2022/10/21 11:35,,NOREAD,2,,NULL,2069,R194,Good,
2022/10/21 11:35,,NOREAD,2,,NULL,2070,R2,Good,
2022/10/21 11:35,,NOREAD,2,,NULL,2072,R209,Good,
2022/10/21 11:35,,NOREAD,2,,NULL,117395,R210,Good,
2022/10/21 11:35,,NOREAD,2,,NULL,117403,R211,Good,
2022/10/21 11:35,,NOREAD,2,,NULL,146248,R215,Good,
2022/10/21 11:35,,NOREAD,2,,NULL,61680,R216,Good,
2022/10/21 11:35,,NOREAD,2,,NULL,61688,R217,Good,
2022/10/21 11:35,,NOREAD,2,,NULL,61696,R218,Good,
2022/10/21 11:35,,NOREAD,2,,NULL,61704,R219,Good,
2022/10/21 11:35,,NOREAD,2,,NULL,75361,R222,Good,
2022/10/21 11:35,,NOREAD,2,,NULL,75450,R245,Good,
2022/10/21 11:35,,NOREAD,2,,NULL,76136,R247,Good,
2022/10/21 11:35,,NOREAD,2,,NULL,2087,R28,Good,
2022/10/21 11:35,F:\DataExport\MYC-Y6ULY2V2-256N256D-50-I-AKEDL\NOREAD_20221021113551\Component\SinicTek-AOI_NOREAD_1_2_20221021113551_20301.00049_R3_2_91.jpg,NOREAD,2,,NULL,2088,R3,Pass,共面性
2022/10/21 11:35,,NOREAD,2,,NULL,2089,R30,Good,
2022/10/21 11:35,,NOREAD,2,,NULL,2090,R46,Good,
2022/10/21 11:35,,NOREAD,2,,NULL,2091,R47,Good,
2022/10/21 11:35,,NOREAD,2,,NULL,2092,R48,Good,
2022/10/21 11:35,,NOREAD,2,,NULL,75501,R5,Good,
2022/10/21 11:35,,NOREAD,2,,NULL,132338,R6,Good,
2022/10/21 11:35,,NOREAD,2,,NULL,75712,R66,Good,
2022/10/21 11:35,,NOREAD,2,,NULL,75715,R67,Good,
2022/10/21 11:35,,NOREAD,2,,NULL,132346,R8,Good,
2022/10/21 11:35,,NOREAD,2,,NULL,75933,R81,Good,
2022/10/21 11:35,,NOREAD,2,,NULL,419719,RR2,Good,
2022/10/21 11:35,,NOREAD,2,,NULL,419740,RR3,Good,
2022/10/21 11:35,,NOREAD,2,,NULL,419761,RR4,Good,
2022/10/21 11:35,,NOREAD,2,,NULL,405763,U1,Good,
2022/10/21 11:35,,NOREAD,2,,NULL,407354,U14,Good,
2022/10/21 11:35,,NOREAD,2,,NULL,408570,U2,Good,
2022/10/21 11:35,,NOREAD,2,,NULL,378806,U4,Good,
2022/10/21 11:35,,NOREAD,2,,NULL,405711,U5,Good,
2022/10/21 11:35,,NOREAD,2,,NULL,376752,U6,Good,
2022/10/21 11:35,,NOREAD,3,,NULL,2119,C1,Good,
2022/10/21 11:35,,NOREAD,3,,NULL,3436,C102,Good,
2022/10/21 11:35,,NOREAD,3,,NULL,312031,C104,Good,
2022/10/21 11:35,,NOREAD,3,,NULL,6012,C124,Good,
2022/10/21 11:35,,NOREAD,3,,NULL,3444,C125,Good,
2022/10/21 11:35,,NOREAD,3,,NULL,6134,C129,Good,
2022/10/21 11:35,,NOREAD,3,,NULL,3468,C130,Good,
2022/10/21 11:35,,NOREAD,3,,NULL,102585,C147,Good,
2022/10/21 11:35,,NOREAD,3,,NULL,3476,C148,Good,
2022/10/21 11:35,,NOREAD,3,,NULL,102608,C149,Good,
2022/10/21 11:35,,NOREAD,3,,NULL,102995,C16,Good,
2022/10/21 11:35,,NOREAD,3,,NULL,104087,C17,Good,
2022/10/21 11:35,,NOREAD,3,,NULL,172885,C2,Good,
2022/10/21 11:35,,NOREAD,3,,NULL,103098,C23,Good,
2022/10/21 11:35,,NOREAD,3,,NULL,103655,C24,Good,
2022/10/21 11:35,,NOREAD,3,,NULL,103571,C29,Good,
2022/10/21 11:35,,NOREAD,3,,NULL,103419,C31,Good,
2022/10/21 11:35,,NOREAD,3,,NULL,105326,C34,Good,
2022/10/21 11:35,,NOREAD,3,,NULL,105547,C37,Good,
2022/10/21 11:35,,NOREAD,3,,NULL,105624,C38,Good,
2022/10/21 11:35,,NOREAD,3,,NULL,103723,C43,Good,
2022/10/21 11:35,,NOREAD,3,,NULL,103683,C44,Good,
2022/10/21 11:35,,NOREAD,3,,NULL,104357,C45,Good,
2022/10/21 11:35,,NOREAD,3,,NULL,6572,C46,Good,
2022/10/21 11:35,,NOREAD,3,,NULL,6451,C47,Good,
2022/10/21 11:35,,NOREAD,3,,NULL,172895,C5,Good,
2022/10/21 11:35,,NOREAD,3,,NULL,103889,C50,Good,
2022/10/21 11:35,,NOREAD,3,,NULL,103945,C51,Good,
2022/10/21 11:35,,NOREAD,3,,NULL,104051,C52,Good,
2022/10/21 11:35,,NOREAD,3,,NULL,104648,C55,Good,
2022/10/21 11:35,,NOREAD,3,,NULL,104887,C56,Good,
2022/10/21 11:35,,NOREAD,3,,NULL,6519,C57,Good,
2022/10/21 11:35,,NOREAD,3,,NULL,104963,C58,Good,
2022/10/21 11:35,,NOREAD,3,,NULL,6967,C59,Good,
2022/10/21 11:35,,NOREAD,3,,NULL,104169,C61,Good,
2022/10/21 11:35,,NOREAD,3,,NULL,312041,C62,Good,
2022/10/21 11:35,,NOREAD,3,,NULL,104229,C63,Good,
2022/10/21 11:35,,NOREAD,3,,NULL,104324,C67,Good,
2022/10/21 11:35,,NOREAD,3,,NULL,7076,C69,Good,
2022/10/21 11:35,,NOREAD,3,,NULL,2189,C7,Good,
2022/10/21 11:35,,NOREAD,3,,NULL,104685,C71,Good,
2022/10/21 11:35,,NOREAD,3,,NULL,3484,C72,Good,
2022/10/21 11:35,,NOREAD,3,,NULL,363948,C74,Good,
2022/10/21 11:35,,NOREAD,3,,NULL,363960,C75,Good,
2022/10/21 11:35,,NOREAD,3,,NULL,363972,C76,Good,
2022/10/21 11:35,,NOREAD,3,,NULL,104721,C79,Good,
2022/10/21 11:35,,NOREAD,3,,NULL,312051,C80,Good,
2022/10/21 11:35,,NOREAD,3,,NULL,105325,C82,Good,
2022/10/21 11:35,,NOREAD,3,,NULL,105372,C84,Good,
2022/10/21 11:35,,NOREAD,3,,NULL,143444,L4,Good,
2022/10/21 11:35,,NOREAD,3,,NULL,143452,L9,Good,
2022/10/21 11:35,,NOREAD,3,,NULL,75100,R1,Good,
2022/10/21 11:35,,NOREAD,3,,NULL,75374,R14,Good,
2022/10/21 11:35,,NOREAD,3,,NULL,145649,R18,Good,
2022/10/21 11:35,,NOREAD,3,,NULL,2218,R192,Good,
2022/10/21 11:35,,NOREAD,3,,NULL,2219,R193,Good,
2022/10/21 11:35,,NOREAD,3,,NULL,2220,R194,Good,
2022/10/21 11:35,,NOREAD,3,,NULL,2221,R2,Good,
2022/10/21 11:35,,NOREAD,3,,NULL,2223,R209,Good,
2022/10/21 11:35,,NOREAD,3,,NULL,117412,R210,Good,
2022/10/21 11:35,,NOREAD,3,,NULL,117420,R211,Good,
2022/10/21 11:35,,NOREAD,3,,NULL,146256,R215,Good,
2022/10/21 11:35,,NOREAD,3,,NULL,61705,R216,Good,
2022/10/21 11:35,,NOREAD,3,,NULL,61713,R217,Good,
2022/10/21 11:35,,NOREAD,3,,NULL,61721,R218,Good,
2022/10/21 11:35,,NOREAD,3,,NULL,61729,R219,Good,
2022/10/21 11:35,,NOREAD,3,,NULL,76332,R222,Good,
2022/10/21 11:35,,NOREAD,3,,NULL,75634,R245,Good,
2022/10/21 11:35,,NOREAD,3,,NULL,75677,R247,Good,
2022/10/21 11:35,,NOREAD,3,,NULL,2238,R28,Good,
2022/10/21 11:35,,NOREAD,3,,NULL,2239,R3,Good,
2022/10/21 11:35,,NOREAD,3,,NULL,2240,R30,Good,
2022/10/21 11:35,,NOREAD,3,,NULL,2241,R46,Good,
2022/10/21 11:35,,NOREAD,3,,NULL,2242,R47,Good,
2022/10/21 11:35,,NOREAD,3,,NULL,2243,R48,Good,
2022/10/21 11:35,,NOREAD,3,,NULL,75976,R5,Good,
2022/10/21 11:35,,NOREAD,3,,NULL,132354,R6,Good,
2022/10/21 11:35,,NOREAD,3,,NULL,75926,R66,Good,
2022/10/21 11:35,,NOREAD,3,,NULL,76138,R67,Good,
2022/10/21 11:35,,NOREAD,3,,NULL,132355,R8,Good,
2022/10/21 11:35,,NOREAD,3,,NULL,76269,R81,Good,
2022/10/21 11:35,,NOREAD,3,,NULL,419803,RR2,Good,
2022/10/21 11:35,,NOREAD,3,,NULL,419824,RR3,Good,
2022/10/21 11:35,,NOREAD,3,,NULL,419845,RR4,Good,
2022/10/21 11:35,F:\DataExport\MYC-Y6ULY2V2-256N256D-50-I-AKEDL\NOREAD_20221021113551\Component\SinicTek-AOI_NOREAD_1_3_20221021113551_20103.00006_[L7]_U1_2_91.jpg,NOREAD,3,,NULL,404221,U1,Pass,错件
2022/10/21 11:35,,NOREAD,3,,NULL,407355,U14,Good,
2022/10/21 11:35,,NOREAD,3,,NULL,408596,U2,Good,
2022/10/21 11:35,,NOREAD,3,,NULL,378809,U4,Good,
2022/10/21 11:35,,NOREAD,3,,NULL,405715,U5,Good,
2022/10/21 11:35,,NOREAD,3,,NULL,376832,U6,Good,
2022/10/21 11:35,,NOREAD,4,,NULL,2270,C1,Good,
2022/10/21 11:35,,NOREAD,4,,NULL,3492,C102,Good,
2022/10/21 11:35,,NOREAD,4,,NULL,312071,C104,Good,
2022/10/21 11:35,,NOREAD,4,,NULL,6017,C124,Good,
2022/10/21 11:35,,NOREAD,4,,NULL,3500,C125,Good,
2022/10/21 11:35,,NOREAD,4,,NULL,6109,C129,Good,
2022/10/21 11:35,,NOREAD,4,,NULL,3524,C130,Good,
2022/10/21 11:35,,NOREAD,4,,NULL,102586,C147,Good,
2022/10/21 11:35,,NOREAD,4,,NULL,102613,C149,Good,
2022/10/21 11:35,,NOREAD,4,,NULL,102825,C16,Good,
2022/10/21 11:35,,NOREAD,4,,NULL,102729,C17,Good,
2022/10/21 11:35,,NOREAD,4,,NULL,172935,C2,Good,
2022/10/21 11:35,,NOREAD,4,,NULL,103160,C23,Good,
2022/10/21 11:35,,NOREAD,4,,NULL,102810,C24,Good,
2022/10/21 11:35,,NOREAD,4,,NULL,105005,C29,Good,
2022/10/21 11:35,,NOREAD,4,,NULL,105056,C31,Good,
2022/10/21 11:35,,NOREAD,4,,NULL,103249,C34,Good,
2022/10/21 11:35,,NOREAD,4,,NULL,103325,C37,Good,
2022/10/21 11:35,,NOREAD,4,,NULL,104940,C38,Good,
2022/10/21 11:35,,NOREAD,4,,NULL,103349,C43,Good,
2022/10/21 11:35,,NOREAD,4,,NULL,104418,C44,Good,
2022/10/21 11:35,,NOREAD,4,,NULL,103603,C45,Good,
2022/10/21 11:35,,NOREAD,4,,NULL,6367,C46,Good,
2022/10/21 11:35,,NOREAD,4,,NULL,6433,C47,Good,
2022/10/21 11:35,,NOREAD,4,,NULL,172945,C5,Good,
2022/10/21 11:35,,NOREAD,4,,NULL,104323,C50,Good,
2022/10/21 11:35,,NOREAD,4,,NULL,103612,C51,Good,
2022/10/21 11:35,,NOREAD,4,,NULL,103892,C52,Good,
2022/10/21 11:35,,NOREAD,4,,NULL,103948,C55,Good,
2022/10/21 11:35,,NOREAD,4,,NULL,103991,C56,Good,
2022/10/21 11:35,,NOREAD,4,,NULL,6966,C57,Good,
2022/10/21 11:35,,NOREAD,4,,NULL,103961,C58,Good,
2022/10/21 11:35,,NOREAD,4,,NULL,6454,C59,Good,
2022/10/21 11:35,,NOREAD,4,,NULL,104763,C61,Good,
2022/10/21 11:35,,NOREAD,4,,NULL,312081,C62,Good,
2022/10/21 11:35,,NOREAD,4,,NULL,104998,C63,Good,
2022/10/21 11:35,,NOREAD,4,,NULL,105076,C67,Good,
2022/10/21 11:35,,NOREAD,4,,NULL,6766,C69,Good,
2022/10/21 11:35,,NOREAD,4,,NULL,2340,C7,Good,
2022/10/21 11:35,,NOREAD,4,,NULL,105128,C71,Good,
2022/10/21 11:35,,NOREAD,4,,NULL,3540,C72,Good,
2022/10/21 11:35,,NOREAD,4,,NULL,363996,C74,Good,
2022/10/21 11:35,,NOREAD,4,,NULL,364008,C75,Good,
2022/10/21 11:35,,NOREAD,4,,NULL,364020,C76,Good,
2022/10/21 11:35,,NOREAD,4,,NULL,105255,C79,Good,
2022/10/21 11:35,,NOREAD,4,,NULL,312091,C80,Good,
2022/10/21 11:35,,NOREAD,4,,NULL,105307,C82,Good,
2022/10/21 11:35,,NOREAD,4,,NULL,105353,C84,Good,
2022/10/21 11:35,,NOREAD,4,,NULL,143460,L4,Good,
2022/10/21 11:35,,NOREAD,4,,NULL,143468,L9,Good,
2022/10/21 11:35,,NOREAD,4,,NULL,75101,R1,Good,
2022/10/21 11:35,,NOREAD,4,,NULL,75187,R14,Good,
2022/10/21 11:35,,NOREAD,4,,NULL,145665,R18,Good,
2022/10/21 11:35,,NOREAD,4,,NULL,2369,R192,Good,
2022/10/21 11:35,,NOREAD,4,,NULL,2370,R193,Good,
2022/10/21 11:35,,NOREAD,4,,NULL,2371,R194,Good,
2022/10/21 11:35,,NOREAD,4,,NULL,2372,R2,Good,
2022/10/21 11:35,,NOREAD,4,,NULL,2374,R209,Good,
2022/10/21 11:35,,NOREAD,4,,NULL,117436,R210,Good,
2022/10/21 11:35,,NOREAD,4,,NULL,117444,R211,Good,
2022/10/21 11:35,,NOREAD,4,,NULL,146264,R215,Good,
2022/10/21 11:35,,NOREAD,4,,NULL,61737,R216,Good,
2022/10/21 11:35,,NOREAD,4,,NULL,61745,R217,Good,
2022/10/21 11:35,,NOREAD,4,,NULL,61753,R218,Good,
2022/10/21 11:35,,NOREAD,4,,NULL,61761,R219,Good,
2022/10/21 11:35,,NOREAD,4,,NULL,75273,R222,Good,
2022/10/21 11:35,,NOREAD,4,,NULL,75323,R245,Good,
2022/10/21 11:35,,NOREAD,4,,NULL,75294,R247,Good,
2022/10/21 11:35,,NOREAD,4,,NULL,2389,R28,Good,
2022/10/21 11:35,,NOREAD,4,,NULL,2390,R3,Good,
2022/10/21 11:35,,NOREAD,4,,NULL,2391,R30,Good,
2022/10/21 11:35,,NOREAD,4,,NULL,2392,R46,Good,
2022/10/21 11:35,,NOREAD,4,,NULL,2393,R47,Good,
2022/10/21 11:35,,NOREAD,4,,NULL,2394,R48,Good,
2022/10/21 11:35,,NOREAD,4,,NULL,75455,R5,Good,
2022/10/21 11:35,,NOREAD,4,,NULL,132363,R6,Good,
2022/10/21 11:35,,NOREAD,4,,NULL,75655,R66,Good,
2022/10/21 11:35,,NOREAD,4,,NULL,75696,R67,Good,
2022/10/21 11:35,,NOREAD,4,,NULL,132371,R8,Good,
2022/10/21 11:35,,NOREAD,4,,NULL,75766,R81,Good,
2022/10/21 11:35,,NOREAD,4,,NULL,419887,RR2,Good,
2022/10/21 11:35,,NOREAD,4,,NULL,419908,RR3,Good,
2022/10/21 11:35,,NOREAD,4,,NULL,419929,RR4,Good,
2022/10/21 11:35,,NOREAD,4,,NULL,399969,U1,Good,
2022/10/21 11:35,,NOREAD,4,,NULL,407551,U14,Good,
2022/10/21 11:35,,NOREAD,4,,NULL,408622,U2,Good,
2022/10/21 11:35,,NOREAD,4,,NULL,378812,U4,Good,
2022/10/21 11:35,,NOREAD,4,,NULL,405719,U5,Good,
2022/10/21 11:35,,NOREAD,4,,NULL,376912,U6,Good,
2022/10/21 11:35,,NOREAD,5,,NULL,2421,C1,Good,
2022/10/21 11:35,,NOREAD,5,,NULL,3548,C102,Good,
2022/10/21 11:35,,NOREAD,5,,NULL,312111,C104,Good,
2022/10/21 11:35,,NOREAD,5,,NULL,6021,C124,Good,
2022/10/21 11:35,,NOREAD,5,,NULL,3556,C125,Good,
2022/10/21 11:35,,NOREAD,5,,NULL,6091,C129,Good,
2022/10/21 11:35,,NOREAD,5,,NULL,3580,C130,Good,
2022/10/21 11:35,,NOREAD,5,,NULL,102587,C147,Good,
2022/10/21 11:35,,NOREAD,5,,NULL,102619,C149,Good,
2022/10/21 11:35,,NOREAD,5,,NULL,103227,C16,Good,
2022/10/21 11:35,,NOREAD,5,,NULL,102917,C17,Good,
2022/10/21 11:35,,NOREAD,5,,NULL,172985,C2,Good,
2022/10/21 11:35,,NOREAD,5,,NULL,103141,C23,Good,
2022/10/21 11:35,,NOREAD,5,,NULL,103718,C24,Good,
2022/10/21 11:35,,NOREAD,5,,NULL,103250,C29,Good,
2022/10/21 11:35,,NOREAD,5,,NULL,103294,C31,Good,
2022/10/21 11:35,,NOREAD,5,,NULL,105350,C34,Good,
2022/10/21 11:35,,NOREAD,5,,NULL,103353,C37,Good,
2022/10/21 11:35,,NOREAD,5,,NULL,103650,C38,Good,
2022/10/21 11:35,,NOREAD,5,,NULL,103368,C43,Good,
2022/10/21 11:35,,NOREAD,5,,NULL,103426,C44,Good,
2022/10/21 11:35,,NOREAD,5,,NULL,103487,C45,Good,
2022/10/21 11:35,,NOREAD,5,,NULL,6441,C46,Good,
2022/10/21 11:35,,NOREAD,5,,NULL,6406,C47,Good,
2022/10/21 11:35,,NOREAD,5,,NULL,172995,C5,Good,
2022/10/21 11:35,,NOREAD,5,,NULL,105497,C50,Good,
2022/10/21 11:35,,NOREAD,5,,NULL,103592,C51,Good,
2022/10/21 11:35,,NOREAD,5,,NULL,104110,C52,Good,
2022/10/21 11:35,,NOREAD,5,,NULL,104404,C55,Good,
2022/10/21 11:35,,NOREAD,5,,NULL,104455,C56,Good,
2022/10/21 11:35,,NOREAD,5,,NULL,7084,C57,Good,
2022/10/21 11:35,,NOREAD,5,,NULL,103614,C58,Good,
2022/10/21 11:35,,NOREAD,5,,NULL,6439,C59,Good,
2022/10/21 11:35,,NOREAD,5,,NULL,103951,C61,Good,
2022/10/21 11:35,,NOREAD,5,,NULL,312121,C62,Good,
2022/10/21 11:35,,NOREAD,5,,NULL,105054,C63,Good,
2022/10/21 11:35,,NOREAD,5,,NULL,104962,C67,Good,
2022/10/21 11:35,,NOREAD,5,,NULL,6456,C69,Good,
2022/10/21 11:35,,NOREAD,5,,NULL,2491,C7,Good,
2022/10/21 11:35,,NOREAD,5,,NULL,105204,C71,Good,
2022/10/21 11:35,,NOREAD,5,,NULL,3596,C72,Good,
2022/10/21 11:35,,NOREAD,5,,NULL,364044,C74,Good,
2022/10/21 11:35,,NOREAD,5,,NULL,364056,C75,Good,
2022/10/21 11:35,,NOREAD,5,,NULL,364068,C76,Good,
2022/10/21 11:35,,NOREAD,5,,NULL,105444,C79,Good,
2022/10/21 11:35,,NOREAD,5,,NULL,312131,C80,Good,
2022/10/21 11:35,,NOREAD,5,,NULL,105548,C82,Good,
2022/10/21 11:35,,NOREAD,5,,NULL,104193,C84,Good,
2022/10/21 11:35,,NOREAD,5,,NULL,143476,L4,Good,
2022/10/21 11:35,,NOREAD,5,,NULL,143484,L9,Good,
2022/10/21 11:35,,NOREAD,5,,NULL,75104,R1,Good,
2022/10/21 11:35,,NOREAD,5,,NULL,75189,R14,Good,
2022/10/21 11:35,,NOREAD,5,,NULL,145681,R18,Good,
2022/10/21 11:35,,NOREAD,5,,NULL,2520,R192,Good,
2022/10/21 11:35,,NOREAD,5,,NULL,2521,R193,Good,
2022/10/21 11:35,,NOREAD,5,,NULL,2522,R194,Good,
2022/10/21 11:35,,NOREAD,5,,NULL,2523,R2,Good,
2022/10/21 11:35,,NOREAD,5,,NULL,2525,R209,Good,
2022/10/21 11:35,,NOREAD,5,,NULL,117460,R210,Good,
2022/10/21 11:35,,NOREAD,5,,NULL,117468,R211,Good,
2022/10/21 11:35,,NOREAD,5,,NULL,146272,R215,Good,
2022/10/21 11:35,,NOREAD,5,,NULL,61769,R216,Good,
2022/10/21 11:35,,NOREAD,5,,NULL,61777,R217,Good,
2022/10/21 11:35,,NOREAD,5,,NULL,61785,R218,Good,
2022/10/21 11:35,,NOREAD,5,,NULL,61793,R219,Good,
2022/10/21 11:35,,NOREAD,5,,NULL,76101,R222,Good,
2022/10/21 11:35,,NOREAD,5,,NULL,75295,R247,Good,
2022/10/21 11:35,,NOREAD,5,,NULL,2540,R28,Good,
2022/10/21 11:35,,NOREAD,5,,NULL,2541,R3,Good,
2022/10/21 11:35,,NOREAD,5,,NULL,2542,R30,Good,
2022/10/21 11:35,,NOREAD,5,,NULL,2543,R46,Good,
2022/10/21 11:35,,NOREAD,5,,NULL,2544,R47,Good,
2022/10/21 11:35,,NOREAD,5,,NULL,2545,R48,Good,
2022/10/21 11:35,,NOREAD,5,,NULL,75416,R5,Good,
2022/10/21 11:35,,NOREAD,5,,NULL,132379,R6,Good,
2022/10/21 11:35,,NOREAD,5,,NULL,75619,R66,Good,
2022/10/21 11:35,,NOREAD,5,,NULL,76203,R67,Good,
2022/10/21 11:35,,NOREAD,5,,NULL,132387,R8,Good,
2022/10/21 11:35,,NOREAD,5,,NULL,75767,R81,Good,
2022/10/21 11:35,,NOREAD,5,,NULL,419971,RR2,Good,
2022/10/21 11:35,,NOREAD,5,,NULL,419992,RR3,Good,
2022/10/21 11:35,,NOREAD,5,,NULL,420013,RR4,Good,
2022/10/21 11:35,F:\DataExport\MYC-Y6ULY2V2-256N256D-50-I-AKEDL\NOREAD_20221021113551\Component\SinicTek-AOI_NOREAD_1_5_20221021113551_20103.00006_[L7]_U1_2_91.jpg,NOREAD,5,,NULL,404246,U1,Pass,错件
2022/10/21 11:35,,NOREAD,5,,NULL,407747,U14,Good,
2022/10/21 11:35,,NOREAD,5,,NULL,408648,U2,Good,
2022/10/21 11:35,,NOREAD,5,,NULL,378815,U4,Good,
2022/10/21 11:35,,NOREAD,5,,NULL,405723,U5,Good,
2022/10/21 11:35,,NOREAD,5,,NULL,376992,U6,Good,
2022/10/21 11:35,,NOREAD,6,,NULL,2572,C1,Good,
2022/10/21 11:35,,NOREAD,6,,NULL,3604,C102,Good,
2022/10/21 11:35,,NOREAD,6,,NULL,312151,C104,Good,
2022/10/21 11:35,,NOREAD,6,,NULL,6025,C124,Good,
2022/10/21 11:35,,NOREAD,6,,NULL,3612,C125,Good,
2022/10/21 11:35,,NOREAD,6,,NULL,6224,C129,Good,
2022/10/21 11:35,,NOREAD,6,,NULL,3636,C130,Good,
2022/10/21 11:35,,NOREAD,6,,NULL,102588,C147,Good,
2022/10/21 11:35,,NOREAD,6,,NULL,102624,C149,Good,
2022/10/21 11:35,,NOREAD,6,,NULL,104816,C16,Good,
2022/10/21 11:35,,NOREAD,6,,NULL,102800,C17,Good,
2022/10/21 11:35,,NOREAD,6,,NULL,173035,C2,Good,
2022/10/21 11:35,,NOREAD,6,,NULL,103253,C23,Good,
2022/10/21 11:35,,NOREAD,6,,NULL,103272,C24,Good,
2022/10/21 11:35,,NOREAD,6,,NULL,103739,C29,Good,
2022/10/21 11:35,,NOREAD,6,,NULL,104274,C31,Good,
2022/10/21 11:35,,NOREAD,6,,NULL,105061,C34,Good,
2022/10/21 11:35,,NOREAD,6,,NULL,105193,C37,Good,
2022/10/21 11:35,,NOREAD,6,,NULL,103803,C38,Good,
2022/10/21 11:35,,NOREAD,6,,NULL,105539,C43,Good,
2022/10/21 11:35,,NOREAD,6,,NULL,103833,C44,Good,
2022/10/21 11:35,,NOREAD,6,,NULL,104023,C45,Good,
2022/10/21 11:35,,NOREAD,6,,NULL,6824,C46,Good,
2022/10/21 11:35,,NOREAD,6,,NULL,6461,C47,Good,
2022/10/21 11:35,,NOREAD,6,,NULL,173045,C5,Good,
2022/10/21 11:35,,NOREAD,6,,NULL,103908,C50,Good,
2022/10/21 11:35,,NOREAD,6,,NULL,104017,C51,Good,
2022/10/21 11:35,,NOREAD,6,,NULL,104804,C52,Good,
2022/10/21 11:35,,NOREAD,6,,NULL,105260,C55,Good,
2022/10/21 11:35,,NOREAD,6,,NULL,105322,C56,Good,
2022/10/21 11:35,,NOREAD,6,,NULL,6837,C57,Good,
2022/10/21 11:35,,NOREAD,6,,NULL,104084,C58,Good,
2022/10/21 11:35,,NOREAD,6,,NULL,6973,C59,Good,
2022/10/21 11:35,,NOREAD,6,,NULL,105362,C61,Good,
2022/10/21 11:35,,NOREAD,6,,NULL,312161,C62,Good,
2022/10/21 11:35,,NOREAD,6,,NULL,105505,C63,Good,
2022/10/21 11:35,,NOREAD,6,,NULL,104595,C67,Good,
2022/10/21 11:35,,NOREAD,6,,NULL,6670,C69,Good,
2022/10/21 11:35,,NOREAD,6,,NULL,2642,C7,Good,
2022/10/21 11:35,,NOREAD,6,,NULL,104469,C71,Good,
2022/10/21 11:35,,NOREAD,6,,NULL,3652,C72,Good,
2022/10/21 11:35,,NOREAD,6,,NULL,364092,C74,Good,
2022/10/21 11:35,,NOREAD,6,,NULL,364104,C75,Good,
2022/10/21 11:35,,NOREAD,6,,NULL,364116,C76,Good,
2022/10/21 11:35,,NOREAD,6,,NULL,105424,C79,Good,
2022/10/21 11:35,,NOREAD,6,,NULL,312171,C80,Good,
2022/10/21 11:35,,NOREAD,6,,NULL,105482,C82,Good,
2022/10/21 11:35,,NOREAD,6,,NULL,104480,C84,Good,
2022/10/21 11:35,,NOREAD,6,,NULL,143492,L4,Good,
2022/10/21 11:35,,NOREAD,6,,NULL,143500,L9,Good,
2022/10/21 11:35,,NOREAD,6,,NULL,75112,R1,Good,
2022/10/21 11:35,,NOREAD,6,,NULL,75299,R14,Good,
2022/10/21 11:35,,NOREAD,6,,NULL,145697,R18,Good,
2022/10/21 11:35,,NOREAD,6,,NULL,2671,R192,Good,
2022/10/21 11:35,,NOREAD,6,,NULL,2672,R193,Good,
2022/10/21 11:35,,NOREAD,6,,NULL,2673,R194,Good,
2022/10/21 11:35,,NOREAD,6,,NULL,2674,R2,Good,
2022/10/21 11:35,,NOREAD,6,,NULL,2676,R209,Good,
2022/10/21 11:35,,NOREAD,6,,NULL,117484,R210,Good,
2022/10/21 11:35,,NOREAD,6,,NULL,117492,R211,Good,
2022/10/21 11:35,,NOREAD,6,,NULL,146280,R215,Good,
2022/10/21 11:35,,NOREAD,6,,NULL,61801,R216,Good,
2022/10/21 11:35,,NOREAD,6,,NULL,61809,R217,Good,
2022/10/21 11:35,,NOREAD,6,,NULL,61817,R218,Good,
2022/10/21 11:35,,NOREAD,6,,NULL,61825,R219,Good,
2022/10/21 11:35,,NOREAD,6,,NULL,75457,R222,Good,
2022/10/21 11:35,,NOREAD,6,,NULL,75523,R245,Good,
2022/10/21 11:35,,NOREAD,6,,NULL,75805,R247,Good,
2022/10/21 11:35,,NOREAD,6,,NULL,2691,R28,Good,
2022/10/21 11:35,,NOREAD,6,,NULL,2692,R3,Good,
2022/10/21 11:35,,NOREAD,6,,NULL,2693,R30,Good,
2022/10/21 11:35,,NOREAD,6,,NULL,2694,R46,Good,
2022/10/21 11:35,,NOREAD,6,,NULL,2695,R47,Good,
2022/10/21 11:35,,NOREAD,6,,NULL,2696,R48,Good,
2022/10/21 11:35,,NOREAD,6,,NULL,76275,R5,Good,
2022/10/21 11:35,,NOREAD,6,,NULL,132395,R6,Good,
2022/10/21 11:35,,NOREAD,6,,NULL,75871,R66,Good,
2022/10/21 11:35,,NOREAD,6,,NULL,75824,R67,Good,
2022/10/21 11:35,,NOREAD,6,,NULL,132403,R8,Good,
2022/10/21 11:35,,NOREAD,6,,NULL,76183,R81,Good,
2022/10/21 11:35,,NOREAD,6,,NULL,420055,RR2,Good,
2022/10/21 11:35,,NOREAD,6,,NULL,420076,RR3,Good,
2022/10/21 11:35,,NOREAD,6,,NULL,420097,RR4,Good,
2022/10/21 11:35,,NOREAD,6,,NULL,404271,U1,Good,
2022/10/21 11:35,,NOREAD,6,,NULL,407943,U14,Good,
2022/10/21 11:35,,NOREAD,6,,NULL,408649,U2,Good,
2022/10/21 11:35,,NOREAD,6,,NULL,378818,U4,Good,
2022/10/21 11:35,,NOREAD,6,,NULL,405727,U5,Good,
2022/10/21 11:35,,NOREAD,6,,NULL,377072,U6,Good,
2022/10/21 11:35,,NOREAD,7,,NULL,2723,C1,Good,
2022/10/21 11:35,,NOREAD,7,,NULL,3660,C102,Good,
2022/10/21 11:35,,NOREAD,7,,NULL,312191,C104,Good,
2022/10/21 11:35,,NOREAD,7,,NULL,6032,C124,Good,
2022/10/21 11:35,,NOREAD,7,,NULL,3668,C125,Good,
2022/10/21 11:35,,NOREAD,7,,NULL,6097,C129,Good,
2022/10/21 11:35,,NOREAD,7,,NULL,3692,C130,Good,
2022/10/21 11:35,,NOREAD,7,,NULL,102589,C147,Good,
2022/10/21 11:35,,NOREAD,7,,NULL,102625,C149,Good,
2022/10/21 11:35,,NOREAD,7,,NULL,102746,C16,Good,
2022/10/21 11:35,,NOREAD,7,,NULL,102844,C17,Good,
2022/10/21 11:35,,NOREAD,7,,NULL,173085,C2,Good,
2022/10/21 11:35,,NOREAD,7,,NULL,103103,C23,Good,
2022/10/21 11:35,,NOREAD,7,,NULL,102963,C24,Good,
2022/10/21 11:35,,NOREAD,7,,NULL,103163,C29,Good,
2022/10/21 11:35,,NOREAD,7,,NULL,103224,C31,Good,
2022/10/21 11:35,,NOREAD,7,,NULL,103362,C34,Good,
2022/10/21 11:35,,NOREAD,7,,NULL,104879,C37,Good,
2022/10/21 11:35,,NOREAD,7,,NULL,105174,C38,Good,
2022/10/21 11:35,,NOREAD,7,,NULL,105579,C43,Good,
2022/10/21 11:35,,NOREAD,7,,NULL,103258,C44,Good,
2022/10/21 11:35,,NOREAD,7,,NULL,103299,C45,Good,
2022/10/21 11:35,,NOREAD,7,,NULL,6352,C46,Good,
2022/10/21 11:35,,NOREAD,7,,NULL,6504,C47,Good,
2022/10/21 11:35,,NOREAD,7,,NULL,173095,C5,Good,
2022/10/21 11:35,,NOREAD,7,,NULL,104355,C50,Good,
2022/10/21 11:35,,NOREAD,7,,NULL,105069,C51,Good,
2022/10/21 11:35,,NOREAD,7,,NULL,105351,C52,Good,
2022/10/21 11:35,,NOREAD,7,,NULL,103558,C55,Good,
2022/10/21 11:35,,NOREAD,7,,NULL,103615,C56,Good,
2022/10/21 11:35,,NOREAD,7,,NULL,6884,C57,Good,
2022/10/21 11:35,,NOREAD,7,,NULL,103589,C58,Good,
2022/10/21 11:35,,NOREAD,7,,NULL,6558,C59,Good,
2022/10/21 11:35,,NOREAD,7,,NULL,104268,C61,Good,
2022/10/21 11:35,,NOREAD,7,,NULL,312201,C62,Good,
2022/10/21 11:35,,NOREAD,7,,NULL,104413,C63,Good,
2022/10/21 11:35,,NOREAD,7,,NULL,103990,C67,Good,
2022/10/21 11:35,,NOREAD,7,,NULL,6994,C69,Good,
2022/10/21 11:35,,NOREAD,7,,NULL,2793,C7,Good,
2022/10/21 11:35,,NOREAD,7,,NULL,105173,C71,Good,
2022/10/21 11:35,,NOREAD,7,,NULL,3708,C72,Good,
2022/10/21 11:35,,NOREAD,7,,NULL,364140,C74,Good,
2022/10/21 11:35,,NOREAD,7,,NULL,364152,C75,Good,
2022/10/21 11:35,,NOREAD,7,,NULL,364164,C76,Good,
2022/10/21 11:35,,NOREAD,7,,NULL,104111,C79,Good,
2022/10/21 11:35,,NOREAD,7,,NULL,312211,C80,Good,
2022/10/21 11:35,,NOREAD,7,,NULL,104425,C82,Good,
2022/10/21 11:35,,NOREAD,7,,NULL,104258,C84,Good,
2022/10/21 11:35,,NOREAD,7,,NULL,143508,L4,Good,
2022/10/21 11:35,,NOREAD,7,,NULL,143516,L9,Good,
2022/10/21 11:35,,NOREAD,7,,NULL,75138,R1,Good,
2022/10/21 11:35,,NOREAD,7,,NULL,75262,R14,Good,
2022/10/21 11:35,,NOREAD,7,,NULL,145713,R18,Good,
2022/10/21 11:35,,NOREAD,7,,NULL,2822,R192,Good,
2022/10/21 11:35,,NOREAD,7,,NULL,2823,R193,Good,
2022/10/21 11:35,,NOREAD,7,,NULL,2824,R194,Good,
2022/10/21 11:35,,NOREAD,7,,NULL,2825,R2,Good,
2022/10/21 11:35,,NOREAD,7,,NULL,2827,R209,Good,
2022/10/21 11:35,,NOREAD,7,,NULL,117508,R210,Good,
2022/10/21 11:35,,NOREAD,7,,NULL,117516,R211,Good,
2022/10/21 11:35,,NOREAD,7,,NULL,146281,R215,Good,
2022/10/21 11:35,,NOREAD,7,,NULL,61833,R216,Good,
2022/10/21 11:35,,NOREAD,7,,NULL,61841,R217,Good,
2022/10/21 11:35,,NOREAD,7,,NULL,61849,R218,Good,
2022/10/21 11:35,,NOREAD,7,,NULL,61857,R219,Good,
2022/10/21 11:35,,NOREAD,7,,NULL,75773,R222,Good,
2022/10/21 11:35,,NOREAD,7,,NULL,75944,R245,Good,
2022/10/21 11:35,,NOREAD,7,,NULL,75302,R247,Good,
2022/10/21 11:35,,NOREAD,7,,NULL,2842,R28,Good,
2022/10/21 11:35,,NOREAD,7,,NULL,2843,R3,Good,
2022/10/21 11:35,,NOREAD,7,,NULL,2844,R30,Good,
2022/10/21 11:35,,NOREAD,7,,NULL,2845,R46,Good,
2022/10/21 11:35,,NOREAD,7,,NULL,2846,R47,Good,
2022/10/21 11:35,,NOREAD,7,,NULL,2847,R48,Good,
2022/10/21 11:35,,NOREAD,7,,NULL,75449,R5,Good,
2022/10/21 11:35,,NOREAD,7,,NULL,132411,R6,Good,
2022/10/21 11:35,,NOREAD,7,,NULL,76246,R66,Good,
2022/10/21 11:35,,NOREAD,7,,NULL,75581,R67,Good,
2022/10/21 11:35,,NOREAD,7,,NULL,132419,R8,Good,
2022/10/21 11:35,,NOREAD,7,,NULL,75898,R81,Good,
2022/10/21 11:35,,NOREAD,7,,NULL,420139,RR2,Good,
2022/10/21 11:35,,NOREAD,7,,NULL,420160,RR3,Good,
2022/10/21 11:35,,NOREAD,7,,NULL,420181,RR4,Good,
2022/10/21 11:35,,NOREAD,7,,NULL,399970,U1,Good,
2022/10/21 11:35,,NOREAD,7,,NULL,408139,U14,Good,
2022/10/21 11:35,,NOREAD,7,,NULL,408675,U2,Good,
2022/10/21 11:35,,NOREAD,7,,NULL,378821,U4,Good,
2022/10/21 11:35,,NOREAD,7,,NULL,405728,U5,Good,
2022/10/21 11:35,,NOREAD,7,,NULL,377152,U6,Good,
2022/10/21 11:35,,NOREAD,8,,NULL,2874,C1,Good,
2022/10/21 11:35,,NOREAD,8,,NULL,3716,C102,Good,
2022/10/21 11:35,,NOREAD,8,,NULL,312231,C104,Good,
2022/10/21 11:35,,NOREAD,8,,NULL,6036,C124,Good,
2022/10/21 11:35,,NOREAD,8,,NULL,3724,C125,Good,
2022/10/21 11:35,,NOREAD,8,,NULL,6090,C129,Good,
2022/10/21 11:35,,NOREAD,8,,NULL,3748,C130,Good,
2022/10/21 11:35,,NOREAD,8,,NULL,102590,C147,Good,
2022/10/21 11:35,,NOREAD,8,,NULL,102635,C149,Good,
2022/10/21 11:35,,NOREAD,8,,NULL,102776,C16,Good,
2022/10/21 11:35,,NOREAD,8,,NULL,103091,C17,Good,
2022/10/21 11:35,,NOREAD,8,,NULL,173126,C2,Good,
2022/10/21 11:35,,NOREAD,8,,NULL,104722,C23,Good,
2022/10/21 11:35,,NOREAD,8,,NULL,102965,C24,Good,
2022/10/21 11:35,,NOREAD,8,,NULL,104280,C29,Good,
2022/10/21 11:35,,NOREAD,8,,NULL,104340,C31,Good,
2022/10/21 11:35,,NOREAD,8,,NULL,103213,C34,Good,
2022/10/21 11:35,,NOREAD,8,,NULL,103288,C37,Good,
2022/10/21 11:35,,NOREAD,8,,NULL,103652,C38,Good,
2022/10/21 11:35,,NOREAD,8,,NULL,104960,C43,Good,
2022/10/21 11:35,,NOREAD,8,,NULL,103502,C44,Good,
2022/10/21 11:35,,NOREAD,8,,NULL,103561,C45,Good,
2022/10/21 11:35,,NOREAD,8,,NULL,6409,C46,Good,
2022/10/21 11:35,,NOREAD,8,,NULL,6605,C47,Good,
2022/10/21 11:35,,NOREAD,8,,NULL,173136,C5,Good,
2022/10/21 11:35,,NOREAD,8,,NULL,103746,C50,Good,
2022/10/21 11:35,,NOREAD,8,,NULL,104961,C51,Good,
2022/10/21 11:35,,NOREAD,8,,NULL,103850,C52,Good,
2022/10/21 11:35,,NOREAD,8,,NULL,104190,C55,Good,
2022/10/21 11:35,,NOREAD,8,,NULL,103923,C56,Good,
2022/10/21 11:35,,NOREAD,8,,NULL,6411,C57,Good,
2022/10/21 11:35,,NOREAD,8,,NULL,104042,C58,Good,
2022/10/21 11:35,,NOREAD,8,,NULL,6477,C59,Good,
2022/10/21 11:35,,NOREAD,8,,NULL,104674,C61,Good,
2022/10/21 11:35,,NOREAD,8,,NULL,312232,C62,Good,
2022/10/21 11:35,,NOREAD,8,,NULL,104720,C63,Good,
2022/10/21 11:35,,NOREAD,8,,NULL,104836,C67,Good,
2022/10/21 11:35,,NOREAD,8,,NULL,6672,C69,Good,
2022/10/21 11:35,,NOREAD,8,,NULL,2944,C7,Good,
2022/10/21 11:35,,NOREAD,8,,NULL,104452,C71,Good,
2022/10/21 11:35,,NOREAD,8,,NULL,3764,C72,Good,
2022/10/21 11:35,,NOREAD,8,,NULL,364188,C74,Good,
2022/10/21 11:35,,NOREAD,8,,NULL,364200,C75,Good,
2022/10/21 11:35,,NOREAD,8,,NULL,364212,C76,Good,
2022/10/21 11:35,,NOREAD,8,,NULL,104964,C79,Good,
2022/10/21 11:35,,NOREAD,8,,NULL,312242,C80,Good,
2022/10/21 11:35,,NOREAD,8,,NULL,105272,C82,Good,
2022/10/21 11:35,,NOREAD,8,,NULL,104463,C84,Good,
2022/10/21 11:35,,NOREAD,8,,NULL,143524,L4,Good,
2022/10/21 11:35,,NOREAD,8,,NULL,143532,L9,Good,
2022/10/21 11:35,,NOREAD,8,,NULL,75216,R1,Good,
2022/10/21 11:35,,NOREAD,8,,NULL,75313,R14,Good,
2022/10/21 11:35,,NOREAD,8,,NULL,145729,R18,Good,
2022/10/21 11:35,,NOREAD,8,,NULL,2973,R192,Good,
2022/10/21 11:35,,NOREAD,8,,NULL,2974,R193,Good,
2022/10/21 11:35,,NOREAD,8,,NULL,2975,R194,Good,
2022/10/21 11:35,,NOREAD,8,,NULL,2976,R2,Good,
2022/10/21 11:35,,NOREAD,8,,NULL,2978,R209,Good,
2022/10/21 11:35,,NOREAD,8,,NULL,117532,R210,Good,
2022/10/21 11:35,,NOREAD,8,,NULL,117540,R211,Good,
2022/10/21 11:35,,NOREAD,8,,NULL,146289,R215,Good,
2022/10/21 11:35,,NOREAD,8,,NULL,61865,R216,Good,
2022/10/21 11:35,,NOREAD,8,,NULL,61873,R217,Good,
2022/10/21 11:35,,NOREAD,8,,NULL,61881,R218,Good,
2022/10/21 11:35,,NOREAD,8,,NULL,61889,R219,Good,
2022/10/21 11:35,,NOREAD,8,,NULL,75436,R222,Good,
2022/10/21 11:35,,NOREAD,8,,NULL,75602,R245,Good,
2022/10/21 11:35,,NOREAD,8,,NULL,75529,R247,Good,
2022/10/21 11:35,,NOREAD,8,,NULL,2993,R28,Good,
2022/10/21 11:35,,NOREAD,8,,NULL,2994,R3,Good,
2022/10/21 11:35,,NOREAD,8,,NULL,2995,R30,Good,
2022/10/21 11:35,,NOREAD,8,,NULL,2996,R46,Good,
2022/10/21 11:35,,NOREAD,8,,NULL,2997,R47,Good,
2022/10/21 11:35,,NOREAD,8,,NULL,2998,R48,Good,
2022/10/21 11:35,,NOREAD,8,,NULL,75646,R5,Good,
2022/10/21 11:35,,NOREAD,8,,NULL,132427,R6,Good,
2022/10/21 11:35,,NOREAD,8,,NULL,75769,R66,Good,
2022/10/21 11:35,,NOREAD,8,,NULL,75945,R67,Good,
2022/10/21 11:35,,NOREAD,8,,NULL,132435,R8,Good,
2022/10/21 11:35,,NOREAD,8,,NULL,75930,R81,Good,
2022/10/21 11:35,,NOREAD,8,,NULL,420223,RR2,Good,
2022/10/21 11:35,,NOREAD,8,,NULL,420244,RR3,Good,
2022/10/21 11:35,,NOREAD,8,,NULL,420265,RR4,Good,
2022/10/21 11:35,,NOREAD,8,,NULL,405736,U1,Good,
2022/10/21 11:35,,NOREAD,8,,NULL,408335,U14,Good,
2022/10/21 11:35,,NOREAD,8,,NULL,408701,U2,Good,
2022/10/21 11:35,,NOREAD,8,,NULL,378824,U4,Good,
2022/10/21 11:35,,NOREAD,8,,NULL,405732,U5,Good,
2022/10/21 11:35,,NOREAD,8,,NULL,377232,U6,Good,
